VASP_substitution_mp-1002181_2x2x1_replace_Tc_with_Mn.vasp,-9.164552488
VASP_substitution_mp-1007760_2x2x1_replace_Ge_with_C.vasp,-4.618416626
VASP_substitution_mp-1007854_2x2x1_replace_Fe_with_Os.vasp,-6.292016641
VASP_substitution_mp-1008471_2x2x1_replace_Cd_with_Zn.vasp,-2.228502836
VASP_substitution_mp-1008554_2x2x1_replace_Al_with_B.vasp,-5.279146742
VASP_substitution_mp-1008733_2x2x1_replace_Ge_with_Si.vasp,-4.247368931
VASP_substitution_mp-1008929_2x2x1_replace_N_with_Sb.vasp,-6.752119649
VASP_substitution_mp-1009019_2x2x1_replace_Fe_with_Ru.vasp,-7.511539044
VASP_substitution_mp-1009071_2x2x1_replace_C_with_Si.vasp,-7.818384565
VASP_substitution_mp-1009694_2x2x1_replace_Re_with_Tc.vasp,-9.199715181
VASP_substitution_mp-1009787_2x2x1_replace_C_with_Pb.vasp,-6.809264266
VASP_substitution_mp-10141_2x2x1_replace_B_with_Tl.vasp,-5.697892848
VASP_substitution_mp-1014214_2x2x1_replace_N_with_Bi.vasp,-3.982718673
VASP_substitution_mp-1018071_2x2x1_replace_Fe_with_Ru.vasp,-7.676384151
VASP_substitution_mp-10256_2x2x1_replace_V_with_Nb.vasp,-6.277910053
VASP_substitution_mp-1038961_2x2x1_replace_Ca_with_Ba.vasp,-1.610277559
VASP_substitution_mp-1038972_2x2x1_replace_Cd_with_Zn.vasp,-1.210186249
VASP_substitution_mp-1039074_2x2x1_replace_Mg_with_Sr.vasp,-2.868190816
VASP_substitution_mp-1039275_2x2x1_replace_Ca_with_Sr.vasp,-1.578637868
VASP_substitution_mp-1055994_2x2x1_replace_In_with_Ga.vasp,-2.599721085
VASP_substitution_mp-1056418_2x2x1_replace_Sr_with_Ca.vasp,-0.257158108
VASP_substitution_mp-1058887_2x2x1_replace_C_with_Si.vasp,-3.190491598
VASP_substitution_mp-1058944_2x2x1_replace_K_with_Li.vasp,-2.785318925
VASP_substitution_mp-1062510_2x2x1_replace_Pd_with_Ni.vasp,-5.511998802
VASP_substitution_mp-1062711_2x2x1_replace_Rb_with_K.vasp,-2.271854564
VASP_substitution_mp-10634_2x2x1_replace_Cu_with_Au.vasp,-3.536473971
VASP_substitution_mp-1065290_2x2x1_replace_Rh_with_Ir.vasp,-6.691222597
VASP_substitution_mp-1065428_2x2x1_replace_Rb_with_K.vasp,-2.241104988
VASP_substitution_mp-1065668_2x2x1_replace_C_with_Ge.vasp,-6.990404463
VASP_substitution_mp-1067042_2x2x1_replace_Li_with_Cs.vasp,-2.373159319
VASP_substitution_mp-1083_2x2x1_replace_B_with_Tl.vasp,-7.982476908
VASP_substitution_mp-10889_2x2x1_replace_Al_with_B.vasp,-4.795118578
VASP_substitution_mp-10903_2x2x1_replace_Al_with_B.vasp,-5.758558914
VASP_substitution_mp-10907_2x2x1_replace_Al_with_B.vasp,-6.635758118
VASP_substitution_mp-1093543_2x2x1_replace_Pb_with_C.vasp,-2.269878404
VASP_substitution_mp-1093550_2x2x1_replace_Pd_with_Ni.vasp,-2.843770159
VASP_substitution_mp-1093575_2x2x1_replace_Au_with_Ag.vasp,-3.249441401
VASP_substitution_mp-1093699_2x2x1_replace_Hg_with_Cd.vasp,-0.396515409
VASP_substitution_mp-1093785_2x2x1_replace_Ba_with_Ca.vasp,-1.003077204
VASP_substitution_mp-1093832_2x2x1_replace_Rh_with_Co.vasp,-1.830302799
VASP_substitution_mp-1093844_2x2x1_replace_Ga_with_In.vasp,-4.338097553
VASP_substitution_mp-1093868_2x2x1_replace_Au_with_Ag.vasp,-2.778513258
VASP_substitution_mp-1093909_2x2x1_replace_Ca_with_Be.vasp,-0.302663551
VASP_substitution_mp-1093911_2x2x1_replace_Ge_with_C.vasp,-4.042188183
VASP_substitution_mp-1094122_2x2x1_replace_Mg_with_Ca.vasp,-1.517533626
VASP_substitution_mp-1094232_2x2x1_replace_Sn_with_Si.vasp,-2.707330514
VASP_substitution_mp-1094256_2x2x1_replace_Y_with_Sc.vasp,-6.025428216
VASP_substitution_mp-1094297_2x2x1_replace_Sr_with_Be.vasp,-1.61746026
VASP_substitution_mp-1094513_2x2x1_replace_Sb_with_N.vasp,-3.731065241
VASP_substitution_mp-1094617_2x2x1_replace_Ga_with_Tl.vasp,-2.159787298
VASP_substitution_mp-1094688_2x2x1_replace_Sr_with_Be.vasp,-1.538307654
VASP_substitution_mp-1094729_2x2x1_replace_Mg_with_Be.vasp,-2.348805014
VASP_substitution_mp-1094753_2x2x1_replace_Sn_with_C.vasp,-2.84821063
VASP_substitution_mp-1094867_2x2x1_replace_Zn_with_Cd.vasp,-1.214568908
VASP_substitution_mp-1094880_2x2x1_replace_Sr_with_Mg.vasp,-1.581312443
VASP_substitution_mp-1094974_2x2x1_replace_Zr_with_Ti.vasp,-4.800307904
VASP_substitution_mp-1095791_2x2x1_replace_Y_with_Sc.vasp,-3.049152479
VASP_substitution_mp-1095853_2x2x1_replace_Y_with_Sc.vasp,-2.055866705
VASP_substitution_mp-1095912_2x2x1_replace_Nb_with_Ta.vasp,-5.018776584
VASP_substitution_mp-1095995_2x2x1_replace_Tl_with_Al.vasp,-0.490499882
VASP_substitution_mp-1096079_2x2x1_replace_Li_with_Cs.vasp,-1.708311745
VASP_substitution_mp-1096109_2x2x1_replace_Mn_with_Tc.vasp,-2.892244188
VASP_substitution_mp-1096155_2x2x1_replace_Pb_with_Ge.vasp,-1.751132714
VASP_substitution_mp-1096217_2x2x1_replace_Au_with_Cu.vasp,-1.818483559
VASP_substitution_mp-1096391_2x2x1_replace_Pd_with_Ni.vasp,-1.803178793
VASP_substitution_mp-1096561_2x2x1_replace_Tc_with_Re.vasp,-4.746565846
VASP_substitution_mp-1096570_2x2x1_replace_Sc_with_Y.vasp,-3.300236895
VASP_substitution_mp-1096579_2x2x1_replace_K_with_Na.vasp,-1.962514323
VASP_substitution_mp-1096625_2x2x1_replace_Tc_with_Re.vasp,-4.880593259
VASP_substitution_mp-1096650_2x2x1_replace_Nb_with_Ta.vasp,-3.675329191
VASP_substitution_mp-1096699_2x2x1_replace_Pd_with_Ni.vasp,-3.477335364
VASP_substitution_mp-1096709_2x2x1_replace_Cd_with_Zn.vasp,-1.333511439
VASP_substitution_mp-1096972_2x2x1_replace_S_with_Te.vasp,-3.667634805
VASP_substitution_mp-1097246_2x2x1_replace_Zn_with_Cd.vasp,-0.557976893
VASP_substitution_mp-1097303_2x2x1_replace_Ge_with_Pb.vasp,-3.706155578
VASP_substitution_mp-1097340_2x2x1_replace_Ga_with_Al.vasp,-3.634633865
VASP_substitution_mp-1097366_2x2x1_replace_Ir_with_Rh.vasp,-4.098061283
VASP_substitution_mp-1097367_2x2x1_replace_Au_with_Ag.vasp,-1.764449284
VASP_substitution_mp-1097433_2x2x1_replace_Mg_with_Ca.vasp,-1.031449336
VASP_substitution_mp-1097444_2x2x1_replace_Ti_with_Zr.vasp,-4.048903467
VASP_substitution_mp-1097530_2x2x1_replace_Zn_with_Hg.vasp,-1.980095461
VASP_substitution_mp-1097531_2x2x1_replace_Cr_with_W.vasp,-4.202460267
VASP_substitution_mp-1100401_2x2x1_replace_B_with_Al.vasp,-4.433406712
VASP_substitution_mp-1100441_2x2x1_replace_B_with_In.vasp,-5.746669009
VASP_substitution_mp-11293_2x2x1_replace_Zr_with_Ti.vasp,-4.275417545
VASP_substitution_mp-1147756_2x2x1_replace_Cu_with_Au.vasp,-2.657020405
VASP_substitution_mp-1153_2x2x1_replace_Li_with_Cs.vasp,-3.533230233
VASP_substitution_mp-11531_2x2x1_replace_V_with_Nb.vasp,-6.964913028
VASP_substitution_mp-1179886_2x2x1_replace_F_with_Cl.vasp,-4.10116424
VASP_substitution_mp-1182539_2x2x1_replace_Ba_with_Ca.vasp,-3.746831009
VASP_substitution_mp-1183042_2x2x1_replace_Si_with_C.vasp,-8.670014415
VASP_substitution_mp-1183071_2x2x1_replace_Au_with_Cu.vasp,-3.393566841
VASP_substitution_mp-1183138_2x2x1_replace_H_with_Na.vasp,-3.162235438
VASP_substitution_mp-1183141_2x2x1_replace_C_with_Ge.vasp,-4.128592618
VASP_substitution_mp-1183162_2x2x1_replace_Fe_with_Os.vasp,-7.475012293
VASP_substitution_mp-1183175_2x2x1_replace_Al_with_In.vasp,-4.631956293
VASP_substitution_mp-1183313_2x2x1_replace_Hg_with_Zn.vasp,-2.045395999
VASP_substitution_mp-1183377_2x2x1_replace_Ga_with_In.vasp,-3.794071451
VASP_substitution_mp-1183407_2x2x1_replace_Be_with_Sr.vasp,-3.524237248
VASP_substitution_mp-1183408_2x2x1_replace_Pd_with_Ni.vasp,-4.432529708
VASP_substitution_mp-1183448_2x2x1_replace_Ga_with_In.vasp,-2.266317544
VASP_substitution_mp-1183678_2x2x1_replace_Co_with_Rh.vasp,-4.041229883
VASP_substitution_mp-1183740_2x2x1_replace_Cr_with_W.vasp,-7.294185885
VASP_substitution_mp-1183880_2x2x1_replace_As_with_P.vasp,-8.165344282
VASP_substitution_mp-11841_2x2x1_replace_Ag_with_Au.vasp,-4.590147441
VASP_substitution_mp-1184208_2x2x1_replace_Tl_with_Al.vasp,-6.041801214
VASP_substitution_mp-1184226_2x2x1_replace_Ga_with_In.vasp,-2.747842214
VASP_substitution_mp-1184287_2x2x1_replace_Fe_with_Os.vasp,-6.711498511
VASP_substitution_mp-1184322_2x2x1_replace_Zn_with_Hg.vasp,-6.314405911
VASP_substitution_mp-1184328_2x2x1_replace_Zn_with_Cd.vasp,-3.731243416
VASP_substitution_mp-1184567_2x2x1_replace_Hf_with_Zr.vasp,-10.49895513
VASP_substitution_mp-1184646_2x2x1_replace_Ge_with_Pb.vasp,-3.944861575
VASP_substitution_mp-1184752_2x2x1_replace_Ge_with_Si.vasp,-3.758492777
VASP_substitution_mp-1184761_2x2x1_replace_Ir_with_Rh.vasp,-9.317644268
VASP_substitution_mp-1184782_2x2x1_replace_Pb_with_C.vasp,-3.786433564
VASP_substitution_mp-1184832_2x2x1_replace_Sn_with_C.vasp,-4.349788003
VASP_substitution_mp-1184883_2x2x1_replace_In_with_Al.vasp,-2.957001969
VASP_substitution_mp-1184894_2x2x1_replace_In_with_Al.vasp,-2.900743145
VASP_substitution_mp-1184969_2x2x1_replace_Li_with_Cs.vasp,-2.626133187
VASP_substitution_mp-1184989_2x2x1_replace_Tl_with_Ga.vasp,-3.912185259
VASP_substitution_mp-1185030_2x2x1_replace_K_with_Li.vasp,-2.234818147
VASP_substitution_mp-1185054_2x2x1_replace_K_with_Rb.vasp,-1.372429514
VASP_substitution_mp-1185085_2x2x1_replace_Zn_with_Cd.vasp,-4.001665434
VASP_substitution_mp-1185095_2x2x1_replace_K_with_Cs.vasp,-1.80326561
VASP_substitution_mp-1185110_2x2x1_replace_K_with_Li.vasp,-2.104834518
VASP_substitution_mp-1185380_2x2x1_replace_Mg_with_Ba.vasp,-1.713554101
VASP_substitution_mp-1185389_2x2x1_replace_Li_with_Na.vasp,-4.8902278
VASP_substitution_mp-1185405_2x2x1_replace_Re_with_Tc.vasp,-5.687484919
VASP_substitution_mp-1185497_2x2x1_replace_Ni_with_Pd.vasp,-5.601609038
VASP_substitution_mp-1185619_2x2x1_replace_Zn_with_Cd.vasp,-3.014564789
VASP_substitution_mp-1185767_2x2x1_replace_Mg_with_Sr.vasp,-4.636420264
VASP_substitution_mp-1185892_2x2x1_replace_Mn_with_Re.vasp,-5.755495599
VASP_substitution_mp-1185958_2x2x1_replace_Sc_with_Y.vasp,-6.033235985
VASP_substitution_mp-1186124_2x2x1_replace_Na_with_Li.vasp,-3.287380212
VASP_substitution_mp-1186168_2x2x1_replace_Tl_with_Al.vasp,-2.888744096
VASP_substitution_mp-1186295_2x2x1_replace_Cd_with_Hg.vasp,-2.961538689
VASP_substitution_mp-1186371_2x2x1_replace_P_with_Sb.vasp,-3.749500517
VASP_substitution_mp-1186445_2x2x1_replace_Pd_with_Ni.vasp,-4.10509365
VASP_substitution_mp-1186456_2x2x1_replace_Ni_with_Pd.vasp,-5.629482843
VASP_substitution_mp-1186624_2x2x1_replace_In_with_Ga.vasp,-4.123497146
VASP_substitution_mp-1186759_2x2x1_replace_Ta_with_V.vasp,-11.13464912
VASP_substitution_mp-1186880_2x2x1_replace_Zr_with_Hf.vasp,-1.851856713
VASP_substitution_mp-1186916_2x2x1_replace_Rh_with_Ir.vasp,-7.348039239
VASP_substitution_mp-1186931_2x2x1_replace_Hg_with_Cd.vasp,-4.432505543
VASP_substitution_mp-1186952_2x2x1_replace_Zn_with_Cd.vasp,-3.812727008
VASP_substitution_mp-1187090_2x2x1_replace_Rh_with_Co.vasp,-3.059666107
VASP_substitution_mp-1187105_2x2x1_replace_Sr_with_Ca.vasp,-1.717930319
VASP_substitution_mp-1187128_2x2x1_replace_Sr_with_Ca.vasp,-2.264746968
VASP_substitution_mp-1187162_2x2x1_replace_Sr_with_Mg.vasp,-4.455734699
VASP_substitution_mp-1187179_2x2x1_replace_In_with_Ga.vasp,-3.70024922
VASP_substitution_mp-1187217_2x2x1_replace_Sr_with_Ca.vasp,-5.561512016
VASP_substitution_mp-1187251_2x2x1_replace_Ta_with_V.vasp,-9.206313269
VASP_substitution_mp-1187254_2x2x1_replace_Ta_with_Nb.vasp,-5.472418399
VASP_substitution_mp-1187303_2x2x1_replace_Se_with_O.vasp,-4.658433146
VASP_substitution_mp-1187433_2x2x1_replace_Ti_with_Hf.vasp,-9.195509461
VASP_substitution_mp-1187474_2x2x1_replace_Ti_with_Zr.vasp,-6.269048119
VASP_substitution_mp-1187545_2x2x1_replace_Tl_with_In.vasp,-2.263589779
VASP_substitution_mp-1187580_2x2x1_replace_Sn_with_Ge.vasp,-5.918843174
VASP_substitution_mp-1187730_2x2x1_replace_Y_with_Sc.vasp,-5.891905059
VASP_substitution_mp-1187748_2x2x1_replace_Mn_with_Re.vasp,-9.585291491
VASP_substitution_mp-1187763_2x2x1_replace_F_with_Cl.vasp,-7.641774456
VASP_substitution_mp-1187795_2x2x1_replace_Y_with_Sc.vasp,-6.480427967
VASP_substitution_mp-1187821_2x2x1_replace_Ag_with_Cu.vasp,-2.695714698
VASP_substitution_mp-1187940_2x2x1_replace_Re_with_Tc.vasp,-8.405870756
VASP_substitution_mp-1187956_2x2x1_replace_Tl_with_Al.vasp,-2.955870796
VASP_substitution_mp-1187968_2x2x1_replace_Cu_with_Au.vasp,-2.186549575
VASP_substitution_mp-1188014_2x2x1_replace_Ru_with_Fe.vasp,-8.820372703
VASP_substitution_mp-1205309_2x2x1_replace_B_with_In.vasp,-3.980964899
VASP_substitution_mp-1206642_2x2x1_replace_W_with_Cr.vasp,-8.183291615
VASP_substitution_mp-1206646_2x2x1_replace_Sn_with_Si.vasp,-7.899011884
VASP_substitution_mp-1215438_2x2x1_replace_Ni_with_Pd.vasp,-3.028293186
VASP_substitution_mp-1215529_2x2x1_replace_Cu_with_Au.vasp,-3.071809951
VASP_substitution_mp-1216389_2x2x1_replace_V_with_Ta.vasp,-9.668891465
VASP_substitution_mp-1216544_2x2x1_replace_Se_with_O.vasp,-3.621072713
VASP_substitution_mp-1216828_2x2x1_replace_N_with_P.vasp,-10.40081307
VASP_substitution_mp-1217032_2x2x1_replace_Al_with_Tl.vasp,-7.269583384
VASP_substitution_mp-1217428_2x2x1_replace_Tc_with_Mn.vasp,-9.250998879
VASP_substitution_mp-1217428_2x2x1_replace_Tc_with_Re.vasp,-9.491207009
VASP_substitution_mp-1218350_2x2x1_replace_Sr_with_Be.vasp,-1.713534705
VASP_substitution_mp-1219711_2x2x1_replace_Pt_with_Ni.vasp,-9.432558606
VASP_substitution_mp-1220054_2x2x1_replace_Ni_with_Pd.vasp,-6.252589419
VASP_substitution_mp-1220071_2x2x1_replace_Ni_with_Pd.vasp,-7.068849389
VASP_substitution_mp-1220876_2x2x1_replace_Te_with_Se.vasp,-3.326829117
VASP_substitution_mp-1220954_2x2x1_replace_O_with_Te.vasp,-4.264915183
VASP_substitution_mp-1221568_2x2x1_replace_Sb_with_Bi.vasp,-6.933489764
VASP_substitution_mp-1221627_2x2x1_replace_Al_with_Ga.vasp,-5.683983244
VASP_substitution_mp-1222128_2x2x1_replace_Mg_with_Ca.vasp,-1.828057883
VASP_substitution_mp-1222279_2x2x1_replace_Li_with_Na.vasp,-5.394084532
VASP_substitution_mp-1223307_2x2x1_replace_Rb_with_Li.vasp,-3.279725166
VASP_substitution_mp-1223660_2x2x1_replace_In_with_B.vasp,-5.894289629
VASP_substitution_mp-1223789_2x2x1_replace_Sn_with_Ge.vasp,-4.192824034
VASP_substitution_mp-1223839_2x2x1_replace_Ag_with_Cu.vasp,-2.675574388
VASP_substitution_mp-1223922_2x2x1_replace_Hg_with_Zn.vasp,-1.874201118
VASP_substitution_mp-1224306_2x2x1_replace_Si_with_C.vasp,-7.660722657
VASP_substitution_mp-1224308_2x2x1_replace_Hf_with_Zr.vasp,-10.09058066
VASP_substitution_mp-1225746_2x2x1_replace_Cu_with_Au.vasp,-4.199911596
VASP_substitution_mp-1227038_2x2x1_replace_Ca_with_Be.vasp,-5.35844776
VASP_substitution_mp-1227947_2x2x1_replace_Be_with_Ca.vasp,-3.595186198
VASP_substitution_mp-126_2x2x1_replace_Pt_with_Ni.vasp,-5.945062468
VASP_substitution_mp-1263_2x2x1_replace_Ru_with_Os.vasp,-10.13932422
VASP_substitution_mp-1272749_2x2x1_replace_O_with_Se.vasp,-6.250055531
VASP_substitution_mp-1279484_2x2x1_replace_Ni_with_Pt.vasp,-5.080158886
VASP_substitution_mp-1279979_2x2x1_replace_O_with_S.vasp,-7.698812828
VASP_substitution_mp-13396_2x2x1_replace_Rh_with_Co.vasp,-3.886406536
VASP_substitution_mp-1352_2x2x1_replace_Zr_with_Ti.vasp,-10.0146253
VASP_substitution_mp-136_2x2x1_replace_Fe_with_Ru.vasp,-8.282683124
VASP_substitution_mp-15791_2x2x1_replace_Li_with_Cs.vasp,-5.259547631
VASP_substitution_mp-1580_2x2x1_replace_N_with_Bi.vasp,-7.897552329
VASP_substitution_mp-16246_2x2x1_replace_Cd_with_Hg.vasp,-2.732585309
VASP_substitution_mp-1639_2x2x1_replace_B_with_Tl.vasp,-5.266678719
VASP_substitution_mp-1842_2x2x1_replace_Al_with_In.vasp,-5.612324617
VASP_substitution_mp-1894_2x2x1_replace_W_with_Cr.vasp,-10.69289625
VASP_substitution_mp-20481_2x2x1_replace_Mn_with_Re.vasp,-6.264216678
VASP_substitution_mp-20567_2x2x1_replace_Li_with_Na.vasp,-4.423945676
VASP_substitution_mp-20729_2x2x1_replace_In_with_B.vasp,-3.684170218
VASP_substitution_mp-20943_2x2x1_replace_Te_with_S.vasp,-3.645274861
VASP_substitution_mp-21_2x2x1_replace_Ca_with_Mg.vasp,-1.751462378
VASP_substitution_mp-21430_2x2x1_replace_Pb_with_Si.vasp,-3.469194407
VASP_substitution_mp-2222_2x2x1_replace_Mn_with_Re.vasp,-4.432956771
VASP_substitution_mp-22682_2x2x1_replace_In_with_Ga.vasp,-4.234003123
VASP_substitution_mp-22790_2x2x1_replace_V_with_Ta.vasp,-6.965046181
VASP_substitution_mp-2375_2x2x1_replace_Pd_with_Pt.vasp,-7.618076652
VASP_substitution_mp-241_2x2x1_replace_F_with_I.vasp,-3.117039923
VASP_substitution_mp-2484_2x2x1_replace_Sn_with_C.vasp,-4.577050187
VASP_substitution_mp-249_2x2x1_replace_Al_with_Ga.vasp,-7.19227213
VASP_substitution_mp-2639_2x2x1_replace_N_with_Bi.vasp,-2.433964401
VASP_substitution_mp-2648_2x2x1_replace_Nb_with_Ta.vasp,-7.287340665
VASP_substitution_mp-29733_2x2x1_replace_Mg_with_Ca.vasp,-3.901700685
VASP_substitution_mp-30338_2x2x1_replace_Al_with_Ga.vasp,-5.913277879
VASP_substitution_mp-30340_2x2x1_replace_In_with_B.vasp,-3.510176309
VASP_substitution_mp-30351_2x2x1_replace_Ag_with_Au.vasp,-2.628766086
VASP_substitution_mp-30377_2x2x1_replace_Pb_with_C.vasp,-4.573991564
VASP_substitution_mp-30821_2x2x1_replace_Li_with_Na.vasp,-4.708249069
VASP_substitution_mp-31337_2x2x1_replace_Pd_with_Ni.vasp,-4.959725043
VASP_substitution_mp-31339_2x2x1_replace_Sc_with_Y.vasp,-5.635193828
VASP_substitution_mp-35216_2x2x1_replace_Te_with_O.vasp,-3.530414885
VASP_substitution_mp-36526_2x2x1_replace_F_with_Cl.vasp,-7.018296768
VASP_substitution_mp-4124_2x2x1_replace_Ca_with_Be.vasp,-7.689090468
VASP_substitution_mp-4182_2x2x1_replace_Ag_with_Cu.vasp,-5.640734214
VASP_substitution_mp-4262_2x2x1_replace_Be_with_Ba.vasp,-3.725838782
VASP_substitution_mp-45_2x2x1_replace_Ca_with_Mg.vasp,-1.76948202
VASP_substitution_mp-519_2x2x1_replace_Sb_with_N.vasp,-8.300803111
VASP_substitution_mp-55_2x2x1_replace_Sn_with_Pb.vasp,-3.702210103
VASP_substitution_mp-557655_2x2x1_replace_S_with_Te.vasp,-5.128471963
VASP_substitution_mp-567348_2x2x1_replace_In_with_Tl.vasp,-5.139152773
VASP_substitution_mp-567787_2x2x1_replace_In_with_Ga.vasp,-2.708754039
VASP_substitution_mp-567787_2x2x1_replace_In_with_Tl.vasp,-2.635176903
VASP_substitution_mp-569346_2x2x1_replace_Cu_with_Ag.vasp,-2.713013501
VASP_substitution_mp-5694_2x2x1_replace_S_with_O.vasp,-5.524922774
VASP_substitution_mp-570935_2x2x1_replace_I_with_Cl.vasp,-3.035334574
VASP_substitution_mp-570964_2x2x1_replace_I_with_F.vasp,-2.133245193
VASP_substitution_mp-571102_2x2x1_replace_Tl_with_B.vasp,-2.415013285
VASP_substitution_mp-578610_2x2x1_replace_Na_with_Li.vasp,-7.090154736
VASP_substitution_mp-5808_2x2x1_replace_Te_with_O.vasp,-4.606656684
VASP_substitution_mp-600604_2x2x1_replace_O_with_S.vasp,-4.368905353
VASP_substitution_mp-623452_2x2x1_replace_Mn_with_Re.vasp,-7.427178419
VASP_substitution_mp-631270_2x2x1_replace_Pb_with_Sn.vasp,-3.986027643
VASP_substitution_mp-631274_2x2x1_replace_P_with_N.vasp,-5.135163779
VASP_substitution_mp-631323_2x2x1_replace_Pb_with_Ge.vasp,-4.087168696
VASP_substitution_mp-631339_2x2x1_replace_Na_with_H.vasp,-3.45660413
VASP_substitution_mp-631411_2x2x1_replace_Ta_with_Nb.vasp,-6.23467008
VASP_substitution_mp-631569_2x2x1_replace_Hf_with_Ti.vasp,-6.523853446
VASP_substitution_mp-631581_2x2x1_replace_B_with_In.vasp,-2.993805703
VASP_substitution_mp-672356_2x2x1_replace_Sb_with_P.vasp,-6.615060993
VASP_substitution_mp-684597_2x2x1_replace_In_with_B.vasp,-3.604365176
VASP_substitution_mp-685055_2x2x1_replace_Te_with_S.vasp,-5.581410997
VASP_substitution_mp-75_2x2x1_replace_Nb_with_Ta.vasp,-10.52557574
VASP_substitution_mp-753298_2x2x1_replace_O_with_Se.vasp,-7.734672264
VASP_substitution_mp-753898_2x2x1_replace_O_with_Se.vasp,-7.352518244
VASP_substitution_mp-772856_2x2x1_replace_Cu_with_Au.vasp,-3.726712708
VASP_substitution_mp-8022_2x2x1_replace_Al_with_Tl.vasp,-5.008654946
VASP_substitution_mp-828_2x2x1_replace_Si_with_Sn.vasp,-5.732179238
VASP_substitution_mp-8540_2x2x1_replace_C_with_Si.vasp,-7.577459258
VASP_substitution_mp-861894_2x2x1_replace_Sn_with_Pb.vasp,-3.586355087
VASP_substitution_mp-862319_2x2x1_replace_Sn_with_Ge.vasp,-3.681454694
VASP_substitution_mp-862338_2x2x1_replace_Ru_with_Os.vasp,-6.93598239
VASP_substitution_mp-862492_2x2x1_replace_Tl_with_Ga.vasp,-3.067899377
VASP_substitution_mp-862629_2x2x1_replace_Rh_with_Co.vasp,-6.556339103
VASP_substitution_mp-862631_2x2x1_replace_Au_with_Cu.vasp,-3.664792617
VASP_substitution_mp-862692_2x2x1_replace_Mg_with_Be.vasp,-3.189603147
VASP_substitution_mp-862742_2x2x1_replace_Zn_with_Cd.vasp,-4.246503374
VASP_substitution_mp-862790_2x2x1_replace_Tc_with_Mn.vasp,-8.76000723
VASP_substitution_mp-862805_2x2x1_replace_Sn_with_Pb.vasp,-4.403539524
VASP_substitution_mp-862823_2x2x1_replace_In_with_Ga.vasp,-4.989609219
VASP_substitution_mp-862860_2x2x1_replace_In_with_B.vasp,-3.922996188
VASP_substitution_mp-862946_2x2x1_replace_Li_with_H.vasp,-3.907678956
VASP_substitution_mp-862977_2x2x1_replace_Ag_with_Au.vasp,-5.80634242
VASP_substitution_mp-863664_2x2x1_replace_Cu_with_Au.vasp,-4.910134049
VASP_substitution_mp-863684_2x2x1_replace_Ge_with_Si.vasp,-5.044921936
VASP_substitution_mp-863738_2x2x1_replace_Cd_with_Hg.vasp,-4.624225739
VASP_substitution_mp-864961_2x2x1_replace_Pd_with_Ni.vasp,-5.373081484
VASP_substitution_mp-865282_2x2x1_replace_Ru_with_Fe.vasp,-5.475204738
VASP_substitution_mp-865365_2x2x1_replace_Ni_with_Pd.vasp,-6.592390616
VASP_substitution_mp-865591_2x2x1_replace_Ti_with_Hf.vasp,-8.399736664
VASP_substitution_mp-865592_2x2x1_replace_Zn_with_Cd.vasp,-6.110841064
VASP_substitution_mp-865751_2x2x1_replace_Rh_with_Ir.vasp,-5.973749856
VASP_substitution_mp-865807_2x2x1_replace_Mo_with_Cr.vasp,-9.364187043
VASP_substitution_mp-865900_2x2x1_replace_Tl_with_In.vasp,-6.459125728
VASP_substitution_mp-865901_2x2x1_replace_Co_with_Rh.vasp,-6.426771067
VASP_substitution_mp-865965_2x2x1_replace_Ca_with_Ba.vasp,-3.050595446
VASP_substitution_mp-865971_2x2x1_replace_Tl_with_Al.vasp,-3.209138496
VASP_substitution_mp-865991_2x2x1_replace_Zn_with_Cd.vasp,-2.443606376
VASP_substitution_mp-866021_2x2x1_replace_Au_with_Cu.vasp,-5.402984299
VASP_substitution_mp-866105_2x2x1_replace_Ca_with_Ba.vasp,-2.476272442
VASP_substitution_mp-866157_2x2x1_replace_Ga_with_Tl.vasp,-6.961175343
VASP_substitution_mp-866178_2x2x1_replace_Li_with_Rb.vasp,-2.991541602
VASP_substitution_mp-866224_2x2x1_replace_Pt_with_Pd.vasp,-5.326197646
VASP_substitution_mp-866279_2x2x1_replace_Pd_with_Pt.vasp,-3.881853221
VASP_substitution_mp-867197_2x2x1_replace_Ni_with_Pt.vasp,-4.355732787
VASP_substitution_mp-867206_2x2x1_replace_Pt_with_Ni.vasp,-2.698751854
VASP_substitution_mp-867254_2x2x1_replace_Au_with_Cu.vasp,-4.013214128
VASP_substitution_mp-867267_2x2x1_replace_Li_with_Na.vasp,-4.835004394
VASP_substitution_mp-867775_2x2x1_replace_Al_with_Ga.vasp,-6.134402607
VASP_substitution_mp-867922_2x2x1_replace_Rh_with_Ir.vasp,-7.291582541
VASP_substitution_mp-867927_2x2x1_replace_V_with_Ta.vasp,-7.83667125
VASP_substitution_mp-881_2x2x1_replace_Sn_with_C.vasp,-6.256592029
VASP_substitution_mp-961684_2x2x1_replace_Li_with_Na.vasp,-3.723732512
VASP_substitution_mp-961718_2x2x1_replace_As_with_P.vasp,-7.110364298
VASP_substitution_mp-962071_2x2x1_replace_Sc_with_Y.vasp,-3.10125338
VASP_substitution_mp-972960_2x2x1_replace_Ir_with_Co.vasp,-5.954397294
VASP_substitution_mp-973111_2x2x1_replace_In_with_Ga.vasp,-2.571416853
VASP_substitution_mp-973461_2x2x1_replace_Hg_with_Zn.vasp,-1.694966519
VASP_substitution_mp-973875_2x2x1_replace_Ge_with_C.vasp,-3.248673316
VASP_substitution_mp-973886_2x2x1_replace_Co_with_Rh.vasp,-6.515042755
VASP_substitution_mp-974315_2x2x1_replace_Ru_with_Fe.vasp,-4.775432941
VASP_substitution_mp-974820_2x2x1_replace_Tc_with_Re.vasp,-2.092051754
VASP_substitution_mp-974933_2x2x1_replace_Rb_with_K.vasp,-2.233427146
VASP_substitution_mp-974962_2x2x1_replace_Rb_with_Na.vasp,-1.23702596
VASP_substitution_mp-975519_2x2x1_replace_Rb_with_H.vasp,-0.882432038
VASP_substitution_mp-975897_2x2x1_replace_Hf_with_Ti.vasp,-9.736335455
VASP_substitution_mp-975909_2x2x1_replace_Au_with_Ag.vasp,-3.212481428
VASP_substitution_mp-977386_2x2x1_replace_Li_with_Rb.vasp,-5.078730006
VASP_substitution_mp-977418_2x2x1_replace_Au_with_Ag.vasp,-2.984773398
VASP_substitution_mp-977438_2x2x1_replace_In_with_Ga.vasp,-5.214311023
VASP_substitution_mp-977454_2x2x1_replace_Hg_with_Zn.vasp,-3.706842385
VASP_substitution_mp-977567_2x2x1_replace_Re_with_Mn.vasp,-9.035204879
VASP_substitution_mp-977567_2x2x1_replace_Re_with_Tc.vasp,-9.168698144
VASP_substitution_mp-978281_2x2x1_replace_Mg_with_Be.vasp,-2.011466979
VASP_substitution_mp-978974_2x2x1_replace_Rh_with_Co.vasp,-6.596542077
VASP_substitution_mp-979429_2x2x1_replace_Cd_with_Zn.vasp,-3.477949606
VASP_substitution_mp-980665_2x2x1_replace_Ir_with_Co.vasp,-3.688863708
VASP_substitution_mp-980946_2x2x1_replace_Sr_with_Ca.vasp,-3.046746271
VASP_substitution_mp-981387_2x2x1_replace_Hg_with_Zn.vasp,-1.048434763
VASP_substitution_mp-982667_2x2x1_replace_Al_with_Ga.vasp,-5.48834291
VASP_substitution_mp-983444_2x2x1_replace_Zn_with_Hg.vasp,-2.426614303
VASP_substitution_mp-984352_2x2x1_replace_Al_with_In.vasp,-6.707955604
VASP_substitution_mp-984551_2x2x1_replace_Hg_with_Cd.vasp,-2.074006935
VASP_substitution_mp-984776_2x2x1_replace_In_with_Al.vasp,-2.658353728
VASP_substitution_mp-985282_2x2x1_replace_Ag_with_Au.vasp,-3.105087741
VASP_substitution_mp-985806_2x2x1_replace_Al_with_B.vasp,-3.955939189
VASP_substitution_mp-998987_2x2x1_replace_Ti_with_Zr.vasp,-7.277040508
VASP_substitution_mp-999047_2x2x1_replace_Ti_with_Zr.vasp,-7.853100264
VASP_substitution_mp-999053_2x2x1_replace_Ni_with_Pd.vasp,-6.276573539
VASP_substitution_mp-999206_2x2x1_replace_Al_with_Ga.vasp,-5.313436218
VASP_substitution_mp-999307_2x2x1_replace_Os_with_Ru.vasp,-9.038610936
VASP_substitution_mp-999441_2x2x1_replace_Nb_with_Ta.vasp,-9.801806141
VASP_substitution_mp-999446_2x2x1_replace_Cr_with_W.vasp,-9.726185736
VASP_substitution_mp-999552_2x2x1_replace_Ga_with_Al.vasp,-7.004953791
VASP_substitution_mp-999557_2x2x1_replace_Mn_with_Tc.vasp,-7.746062222
VASP_vacancy_mp-1_2x2x1_remove_3.vasp,-0.75890376
VASP_vacancy_mp-1002107_2x2x1_remove_8.vasp,-6.690436583
VASP_vacancy_mp-1002165_2x2x1_remove_5.vasp,-5.408509646
VASP_vacancy_mp-1006880_2x2x1_remove_4.vasp,-4.330931383
VASP_vacancy_mp-1006883_2x2x1_remove_0.vasp,-5.879371503
VASP_vacancy_mp-1007692_2x2x1_remove_2.vasp,-7.962384641
VASP_vacancy_mp-1007853_2x2x1_remove_1.vasp,-7.383813201
VASP_vacancy_mp-1007900_2x2x1_remove_3.vasp,-5.72903401
VASP_vacancy_mp-1008559_2x2x1_remove_0.vasp,-6.213460558
VASP_vacancy_mp-1008680_2x2x1_remove_0.vasp,-6.598486043
VASP_vacancy_mp-1008823_2x2x1_remove_9.vasp,-8.549742525
VASP_vacancy_mp-1008873_2x2x1_remove_7.vasp,-6.568705434
VASP_vacancy_mp-1008920_2x2x1_remove_8.vasp,-7.382022226
VASP_vacancy_mp-1008923_2x2x1_remove_3.vasp,-4.581663516
VASP_vacancy_mp-1009019_2x2x1_remove_2.vasp,-7.38363352
VASP_vacancy_mp-1009822_2x2x1_remove_5.vasp,-4.993174364
VASP_vacancy_mp-1009838_2x2x1_remove_1.vasp,-9.40095894
VASP_vacancy_mp-10102_2x2x1_remove_5.vasp,-5.201050239
VASP_vacancy_mp-1013526_2x2x1_remove_2.vasp,-5.942328977
VASP_vacancy_mp-1014214_2x2x1_remove_5.vasp,-7.902484471
VASP_vacancy_mp-1018022_2x2x1_remove_1.vasp,-5.509864886
VASP_vacancy_mp-1018027_2x2x1_remove_5.vasp,-9.54506689
VASP_vacancy_mp-1018085_2x2x1_remove_8.vasp,-6.412638973
VASP_vacancy_mp-1018276_2x2x1_remove_5.vasp,-4.639258069
VASP_vacancy_mp-1022725_2x2x1_remove_3.vasp,-3.593886877
VASP_vacancy_mp-1038715_2x2x1_remove_5.vasp,-3.842345027
VASP_vacancy_mp-1039074_2x2x1_remove_2.vasp,-2.875609373
VASP_vacancy_mp-1040452_2x2x1_remove_4.vasp,-5.750752254
VASP_vacancy_mp-1057315_2x2x1_remove_3.vasp,-10.1023218
VASP_vacancy_mp-1058315_2x2x1_remove_0.vasp,-2.493216609
VASP_vacancy_mp-1062643_2x2x1_remove_0.vasp,-5.813510561
VASP_vacancy_mp-1063522_2x2x1_remove_1.vasp,-5.694742916
VASP_vacancy_mp-1063927_2x2x1_remove_5.vasp,-5.714395521
VASP_vacancy_mp-1065146_2x2x1_remove_0.vasp,-6.784592004
VASP_vacancy_mp-1065301_2x2x1_remove_11.vasp,-4.261864639
VASP_vacancy_mp-1065697_2x2x1_remove_0.vasp,-3.06768695
VASP_vacancy_mp-1076927_2x2x1_remove_2.vasp,-4.010812058
VASP_vacancy_mp-1076927_2x2x1_remove_8.vasp,-4.13368146
VASP_vacancy_mp-10780_2x2x1_remove_13.vasp,-4.678363767
VASP_vacancy_mp-1093610_2x2x1_remove_2.vasp,-2.243258407
VASP_vacancy_mp-1093626_2x2x1_remove_3.vasp,-1.53928154
VASP_vacancy_mp-1093642_2x2x1_remove_2.vasp,-3.912677873
VASP_vacancy_mp-1093662_2x2x1_remove_5.vasp,-1.234986739
VASP_vacancy_mp-1093918_2x2x1_remove_9.vasp,-2.615614464
VASP_vacancy_mp-1094248_2x2x1_remove_14.vasp,-4.926490064
VASP_vacancy_mp-1094665_2x2x1_remove_10.vasp,-1.574124549
VASP_vacancy_mp-1094675_2x2x1_remove_8.vasp,-1.710960341
VASP_vacancy_mp-1094779_2x2x1_remove_2.vasp,-1.277709654
VASP_vacancy_mp-1094791_2x2x1_remove_9.vasp,-1.38009917
VASP_vacancy_mp-1094801_2x2x1_remove_2.vasp,-2.907963113
VASP_vacancy_mp-1094898_2x2x1_remove_11.vasp,-6.620773827
VASP_vacancy_mp-1095876_2x2x1_remove_12.vasp,-0.215266313
VASP_vacancy_mp-1095881_2x2x1_remove_15.vasp,-0.241250105
VASP_vacancy_mp-1095898_2x2x1_remove_12.vasp,-3.822848778
VASP_vacancy_mp-1095970_2x2x1_remove_12.vasp,-3.276432129
VASP_vacancy_mp-1096094_2x2x1_remove_2.vasp,-1.212265605
VASP_vacancy_mp-1096401_2x2x1_remove_4.vasp,-2.090009461
VASP_vacancy_mp-1096472_2x2x1_remove_15.vasp,-1.553911369
VASP_vacancy_mp-1096539_2x2x1_remove_13.vasp,-1.500302267
VASP_vacancy_mp-1096644_2x2x1_remove_7.vasp,-3.745883811
VASP_vacancy_mp-1096692_2x2x1_remove_15.vasp,-0.523070947
VASP_vacancy_mp-1096697_2x2x1_remove_1.vasp,-2.279153664
VASP_vacancy_mp-1096703_2x2x1_remove_7.vasp,-1.176325877
VASP_vacancy_mp-1096804_2x2x1_remove_12.vasp,-2.802147153
VASP_vacancy_mp-1097088_2x2x1_remove_3.vasp,-1.906429183
VASP_vacancy_mp-1097099_2x2x1_remove_0.vasp,-2.592350324
VASP_vacancy_mp-1097458_2x2x1_remove_8.vasp,-2.77455919
VASP_vacancy_mp-1097515_2x2x1_remove_0.vasp,-1.577029969
VASP_vacancy_mp-1097832_2x2x1_remove_5.vasp,-6.26766118
VASP_vacancy_mp-1097884_2x2x1_remove_4.vasp,-5.192306127
VASP_vacancy_mp-11_2x2x1_remove_2.vasp,-4.425393253
VASP_vacancy_mp-1100392_2x2x1_remove_2.vasp,-4.999031945
VASP_vacancy_mp-11267_2x2x1_remove_9.vasp,-1.288451328
VASP_vacancy_mp-11406_2x2x1_remove_5.vasp,-4.400125715
VASP_vacancy_mp-11464_2x2x1_remove_11.vasp,-0.774715192
VASP_vacancy_mp-11472_2x2x1_remove_8.vasp,-1.175102591
VASP_vacancy_mp-1178345_2x2x1_remove_2.vasp,-6.730683066
VASP_vacancy_mp-1179274_2x2x1_remove_15.vasp,-3.361239705
VASP_vacancy_mp-1181106_2x2x1_remove_4.vasp,-5.378613017
VASP_vacancy_mp-1181952_2x2x1_remove_8.vasp,-5.809510829
VASP_vacancy_mp-1183056_2x2x1_remove_12.vasp,-3.622016769
VASP_vacancy_mp-1183129_2x2x1_remove_14.vasp,-3.790369559
VASP_vacancy_mp-1183175_2x2x1_remove_15.vasp,-4.547017885
VASP_vacancy_mp-1183200_2x2x1_remove_10.vasp,-3.599147931
VASP_vacancy_mp-1183219_2x2x1_remove_13.vasp,-2.048123077
VASP_vacancy_mp-1183299_2x2x1_remove_1.vasp,-1.889561449
VASP_vacancy_mp-1183448_2x2x1_remove_1.vasp,-2.166490139
VASP_vacancy_mp-1183487_2x2x1_remove_10.vasp,-2.92702087
VASP_vacancy_mp-1183512_2x2x1_remove_11.vasp,-3.043491015
VASP_vacancy_mp-1183550_2x2x1_remove_12.vasp,-5.688763218
VASP_vacancy_mp-1183583_2x2x1_remove_14.vasp,-2.989618817
VASP_vacancy_mp-1183613_2x2x1_remove_1.vasp,-5.060450207
VASP_vacancy_mp-1183677_2x2x1_remove_12.vasp,-3.628885272
VASP_vacancy_mp-1183683_2x2x1_remove_14.vasp,-5.765627421
VASP_vacancy_mp-1183995_2x2x1_remove_2.vasp,-3.582712161
VASP_vacancy_mp-1184061_2x2x1_remove_5.vasp,-5.916279587
VASP_vacancy_mp-1184071_2x2x1_remove_7.vasp,-9.453871843
VASP_vacancy_mp-1184099_2x2x1_remove_3.vasp,-6.12807963
VASP_vacancy_mp-1184100_2x2x1_remove_7.vasp,-4.395328915
VASP_vacancy_mp-1184131_2x2x1_remove_4.vasp,-5.931373669
VASP_vacancy_mp-1184223_2x2x1_remove_9.vasp,-7.556278095
VASP_vacancy_mp-1184233_2x2x1_remove_14.vasp,-3.121866675
VASP_vacancy_mp-1184323_2x2x1_remove_8.vasp,-9.213125383
VASP_vacancy_mp-1184366_2x2x1_remove_11.vasp,-3.878401626
VASP_vacancy_mp-1184376_2x2x1_remove_12.vasp,-5.278420078
VASP_vacancy_mp-1184403_2x2x1_remove_1.vasp,-3.590042809
VASP_vacancy_mp-1184452_2x2x1_remove_8.vasp,-5.844072629
VASP_vacancy_mp-1184461_2x2x1_remove_1.vasp,-4.459259793
VASP_vacancy_mp-1184462_2x2x1_remove_1.vasp,-3.421054752
VASP_vacancy_mp-1184490_2x2x1_remove_1.vasp,-2.959834244
VASP_vacancy_mp-1184493_2x2x1_remove_4.vasp,-2.54110821
VASP_vacancy_mp-1184495_2x2x1_remove_2.vasp,-1.795285653
VASP_vacancy_mp-1184565_2x2x1_remove_10.vasp,-5.006850347
VASP_vacancy_mp-1184573_2x2x1_remove_11.vasp,-10.5700059
VASP_vacancy_mp-1184574_2x2x1_remove_3.vasp,-1.252336375
VASP_vacancy_mp-1184575_2x2x1_remove_12.vasp,-4.378105075
VASP_vacancy_mp-1184620_2x2x1_remove_13.vasp,-8.129314371
VASP_vacancy_mp-1184837_2x2x1_remove_10.vasp,-3.526571828
VASP_vacancy_mp-1184838_2x2x1_remove_2.vasp,-3.827600226
VASP_vacancy_mp-1184849_2x2x1_remove_0.vasp,-0.988848347
VASP_vacancy_mp-1184868_2x2x1_remove_4.vasp,-2.177664258
VASP_vacancy_mp-1184925_2x2x1_remove_9.vasp,-2.586773956
VASP_vacancy_mp-1184929_2x2x1_remove_0.vasp,-3.319239921
VASP_vacancy_mp-1184982_2x2x1_remove_2.vasp,-3.196998442
VASP_vacancy_mp-1185000_2x2x1_remove_13.vasp,-1.791435146
VASP_vacancy_mp-1185059_2x2x1_remove_5.vasp,-2.108710611
VASP_vacancy_mp-1185183_2x2x1_remove_1.vasp,-2.974160326
VASP_vacancy_mp-1185190_2x2x1_remove_5.vasp,-2.256821929
VASP_vacancy_mp-1185202_2x2x1_remove_9.vasp,-2.922050188
VASP_vacancy_mp-1185262_2x2x1_remove_9.vasp,-4.058937791
VASP_vacancy_mp-1185290_2x2x1_remove_10.vasp,-4.291035184
VASP_vacancy_mp-1185307_2x2x1_remove_5.vasp,-3.431756573
VASP_vacancy_mp-1185363_2x2x1_remove_5.vasp,-1.195578765
VASP_vacancy_mp-1185397_2x2x1_remove_2.vasp,-4.002882142
VASP_vacancy_mp-1185398_2x2x1_remove_1.vasp,-4.146904502
VASP_vacancy_mp-1185403_2x2x1_remove_1.vasp,-3.964093031
VASP_vacancy_mp-1185421_2x2x1_remove_8.vasp,-3.463536241
VASP_vacancy_mp-1185484_2x2x1_remove_14.vasp,-3.302765253
VASP_vacancy_mp-1185499_2x2x1_remove_8.vasp,-3.370682212
VASP_vacancy_mp-1185815_2x2x1_remove_7.vasp,-3.49717771
VASP_vacancy_mp-1185861_2x2x1_remove_7.vasp,-4.860620001
VASP_vacancy_mp-1185894_2x2x1_remove_8.vasp,-7.087080809
VASP_vacancy_mp-1185917_2x2x1_remove_3.vasp,-4.902618202
VASP_vacancy_mp-1186005_2x2x1_remove_13.vasp,-5.360281887
VASP_vacancy_mp-1186032_2x2x1_remove_3.vasp,-1.366390893
VASP_vacancy_mp-1186050_2x2x1_remove_10.vasp,-1.136910045
VASP_vacancy_mp-1186050_2x2x1_remove_12.vasp,-1.180035356
VASP_vacancy_mp-1186068_2x2x1_remove_9.vasp,-2.165716258
VASP_vacancy_mp-1186083_2x2x1_remove_12.vasp,-1.670165194
VASP_vacancy_mp-1186123_2x2x1_remove_1.vasp,-1.430255155
VASP_vacancy_mp-1186169_2x2x1_remove_13.vasp,-3.500410751
VASP_vacancy_mp-1186188_2x2x1_remove_9.vasp,-1.191063179
VASP_vacancy_mp-1186354_2x2x1_remove_8.vasp,-7.979597155
VASP_vacancy_mp-1186445_2x2x1_remove_15.vasp,-4.225964869
VASP_vacancy_mp-1186513_2x2x1_remove_8.vasp,-5.772371407
VASP_vacancy_mp-1186529_2x2x1_remove_1.vasp,-5.524289153
VASP_vacancy_mp-1186596_2x2x1_remove_6.vasp,-4.245181729
VASP_vacancy_mp-1186606_2x2x1_remove_14.vasp,-4.012027803
VASP_vacancy_mp-1186607_2x2x1_remove_5.vasp,-3.601126001
VASP_vacancy_mp-1186672_2x2x1_remove_2.vasp,-3.47237428
VASP_vacancy_mp-1186827_2x2x1_remove_3.vasp,-12.2138879
VASP_vacancy_mp-1186959_2x2x1_remove_0.vasp,-4.042764533
VASP_vacancy_mp-1187029_2x2x1_remove_6.vasp,-5.815443021
VASP_vacancy_mp-1187036_2x2x1_remove_0.vasp,-4.924727613
VASP_vacancy_mp-1187103_2x2x1_remove_7.vasp,-2.261635866
VASP_vacancy_mp-1187149_2x2x1_remove_12.vasp,-2.272171893
VASP_vacancy_mp-1187151_2x2x1_remove_4.vasp,-1.771243407
VASP_vacancy_mp-1187257_2x2x1_remove_6.vasp,-3.883161736
VASP_vacancy_mp-1187274_2x2x1_remove_8.vasp,-6.793950398
VASP_vacancy_mp-1187278_2x2x1_remove_1.vasp,-4.429854569
VASP_vacancy_mp-1187430_2x2x1_remove_11.vasp,-9.091552526
VASP_vacancy_mp-1187499_2x2x1_remove_13.vasp,-9.097295933
VASP_vacancy_mp-1187555_2x2x1_remove_12.vasp,-1.881812317
VASP_vacancy_mp-1187558_2x2x1_remove_12.vasp,-6.191346835
VASP_vacancy_mp-1187567_2x2x1_remove_10.vasp,-6.994860301
VASP_vacancy_mp-1187575_2x2x1_remove_0.vasp,-5.68722626
VASP_vacancy_mp-1187598_2x2x1_remove_12.vasp,-2.994588999
VASP_vacancy_mp-1187777_2x2x1_remove_2.vasp,-0.034020587
VASP_vacancy_mp-1187812_2x2x1_remove_7.vasp,-1.057833674
VASP_vacancy_mp-1187845_2x2x1_remove_4.vasp,-3.158263268
VASP_vacancy_mp-1187974_2x2x1_remove_2.vasp,-1.972283639
VASP_vacancy_mp-1188030_2x2x1_remove_11.vasp,-6.364672374
VASP_vacancy_mp-11947_2x2x1_remove_15.vasp,-2.97920791
VASP_vacancy_mp-11947_2x2x1_remove_2.vasp,-3.010051735
VASP_vacancy_mp-1199_2x2x1_remove_3.vasp,-2.699387151
VASP_vacancy_mp-1206578_2x2x1_remove_6.vasp,-2.213363599
VASP_vacancy_mp-1206697_2x2x1_remove_11.vasp,-7.958110445
VASP_vacancy_mp-1206708_2x2x1_remove_11.vasp,-2.94383508
VASP_vacancy_mp-1207174_2x2x1_remove_5.vasp,-3.445351198
VASP_vacancy_mp-1207186_2x2x1_remove_4.vasp,-5.337512325
VASP_vacancy_mp-1208943_2x2x1_remove_11.vasp,-6.638758775
VASP_vacancy_mp-1215427_2x2x1_remove_1.vasp,-2.349934017
VASP_vacancy_mp-1216535_2x2x1_remove_2.vasp,-4.643478938
VASP_vacancy_mp-1216673_2x2x1_remove_13.vasp,-9.759767167
VASP_vacancy_mp-1216678_2x2x1_remove_7.vasp,-7.874442022
VASP_vacancy_mp-1216706_2x2x1_remove_4.vasp,-8.833352598
VASP_vacancy_mp-1216825_2x2x1_remove_5.vasp,-5.396948247
VASP_vacancy_mp-1217097_2x2x1_remove_11.vasp,-6.962178986
VASP_vacancy_mp-1217812_2x2x1_remove_5.vasp,-10.10328358
VASP_vacancy_mp-1218273_2x2x1_remove_11.vasp,-3.47778128
VASP_vacancy_mp-1218279_2x2x1_remove_0.vasp,-6.867936013
VASP_vacancy_mp-1218915_2x2x1_remove_5.vasp,-3.665212057
VASP_vacancy_mp-1218995_2x2x1_remove_14.vasp,-5.768745857
VASP_vacancy_mp-1219007_2x2x1_remove_4.vasp,-6.421225359
VASP_vacancy_mp-1219533_2x2x1_remove_5.vasp,-10.70791752
VASP_vacancy_mp-1219535_2x2x1_remove_11.vasp,-9.745692537
VASP_vacancy_mp-1219716_2x2x1_remove_14.vasp,-4.612618121
VASP_vacancy_mp-1221102_2x2x1_remove_1.vasp,-3.405809808
VASP_vacancy_mp-1221531_2x2x1_remove_6.vasp,-6.202072607
VASP_vacancy_mp-1221550_2x2x1_remove_7.vasp,-8.753421949
VASP_vacancy_mp-1221642_2x2x1_remove_1.vasp,-6.058930043
VASP_vacancy_mp-1221656_2x2x1_remove_7.vasp,-5.929930841
VASP_vacancy_mp-1221851_2x2x1_remove_15.vasp,-7.640814018
VASP_vacancy_mp-1221934_2x2x1_remove_12.vasp,-8.338837128
VASP_vacancy_mp-1221948_2x2x1_remove_2.vasp,-7.472515533
VASP_vacancy_mp-1222003_2x2x1_remove_11.vasp,-3.292530693
VASP_vacancy_mp-1222305_2x2x1_remove_5.vasp,-5.015411915
VASP_vacancy_mp-1222602_2x2x1_remove_10.vasp,-3.407267714
VASP_vacancy_mp-1224988_2x2x1_remove_12.vasp,-4.018376965
VASP_vacancy_mp-1225717_2x2x1_remove_8.vasp,-4.408519393
VASP_vacancy_mp-1225764_2x2x1_remove_13.vasp,-9.518413921
VASP_vacancy_mp-1226340_2x2x1_remove_14.vasp,-6.897847969
VASP_vacancy_mp-1226878_2x2x1_remove_8.vasp,-0.555265259
VASP_vacancy_mp-1227032_2x2x1_remove_10.vasp,-7.119824414
VASP_vacancy_mp-1228623_2x2x1_remove_3.vasp,-7.078209593
VASP_vacancy_mp-1232423_2x2x1_remove_13.vasp,-7.791163761
VASP_vacancy_mp-12335_2x2x1_remove_6.vasp,-8.552709732
VASP_vacancy_mp-1238819_2x2x1_remove_11.vasp,-6.639557818
VASP_vacancy_mp-1245858_2x2x1_remove_10.vasp,-8.181592768
VASP_vacancy_mp-1269_2x2x1_remove_4.vasp,-6.153768917
VASP_vacancy_mp-1282494_2x2x1_remove_5.vasp,-7.167247886
VASP_vacancy_mp-13082_2x2x1_remove_1.vasp,-7.798351581
VASP_vacancy_mp-13117_2x2x1_remove_7.vasp,-4.839094364
VASP_vacancy_mp-13396_2x2x1_remove_11.vasp,-4.030030209
VASP_vacancy_mp-13495_2x2x1_remove_9.vasp,-7.499709208
VASP_vacancy_mp-1411_2x2x1_remove_8.vasp,-7.851033783
VASP_vacancy_mp-144_2x2x1_remove_7.vasp,-4.209568426
VASP_vacancy_mp-1556_2x2x1_remove_0.vasp,-8.505766347
VASP_vacancy_mp-15792_2x2x1_remove_5.vasp,-4.584885685
VASP_vacancy_mp-16268_2x2x1_remove_10.vasp,-3.670038538
VASP_vacancy_mp-16318_2x2x1_remove_4.vasp,-5.13986242
VASP_vacancy_mp-1662_2x2x1_remove_1.vasp,-3.223323575
VASP_vacancy_mp-1698_2x2x1_remove_1.vasp,-3.400939983
VASP_vacancy_mp-1719_2x2x1_remove_7.vasp,-12.57052125
VASP_vacancy_mp-1953_2x2x1_remove_0.vasp,-5.683165841
VASP_vacancy_mp-20309_2x2x1_remove_9.vasp,-5.711209645
VASP_vacancy_mp-20311_2x2x1_remove_6.vasp,-5.986270227
VASP_vacancy_mp-20340_2x2x1_remove_6.vasp,-10.33672516
VASP_vacancy_mp-20534_2x2x1_remove_5.vasp,-2.357438312
VASP_vacancy_mp-20724_2x2x1_remove_10.vasp,-1.986615875
VASP_vacancy_mp-21272_2x2x1_remove_3.vasp,-5.344637351
VASP_vacancy_mp-2145_2x2x1_remove_10.vasp,-5.639192685
VASP_vacancy_mp-2163_2x2x1_remove_7.vasp,-6.413261744
VASP_vacancy_mp-219_2x2x1_remove_4.vasp,-8.80264371
VASP_vacancy_mp-22332_2x2x1_remove_0.vasp,-5.871087403
VASP_vacancy_mp-22680_2x2x1_remove_15.vasp,-3.977263157
VASP_vacancy_mp-23201_2x2x1_remove_10.vasp,-3.829250426
VASP_vacancy_mp-23229_2x2x1_remove_8.vasp,-4.815656249
VASP_vacancy_mp-2323_2x2x1_remove_0.vasp,-3.719133521
VASP_vacancy_mp-23268_2x2x1_remove_3.vasp,-2.39143663
VASP_vacancy_mp-2459_2x2x1_remove_6.vasp,-2.404411544
VASP_vacancy_mp-2583_2x2x1_remove_5.vasp,-7.99988959
VASP_vacancy_mp-2677_2x2x1_remove_2.vasp,-6.010053034
VASP_vacancy_mp-27418_2x2x1_remove_9.vasp,-4.174367907
VASP_vacancy_mp-280_2x2x1_remove_4.vasp,-11.93489336
VASP_vacancy_mp-282_2x2x1_remove_9.vasp,-6.464151977
VASP_vacancy_mp-28233_2x2x1_remove_5.vasp,-5.328253676
VASP_vacancy_mp-2863_2x2x1_remove_1.vasp,-1.975743403
VASP_vacancy_mp-28910_2x2x1_remove_4.vasp,-6.59851027
VASP_vacancy_mp-30080_2x2x1_remove_6.vasp,-3.862352004
VASP_vacancy_mp-30338_2x2x1_remove_11.vasp,-5.839519562
VASP_vacancy_mp-30551_2x2x1_remove_8.vasp,-6.428490004
VASP_vacancy_mp-30580_2x2x1_remove_2.vasp,-3.229910631
VASP_vacancy_mp-30725_2x2x1_remove_3.vasp,-2.165344338
VASP_vacancy_mp-30759_2x2x1_remove_12.vasp,-1.809105363
VASP_vacancy_mp-31498_2x2x1_remove_11.vasp,-4.550285401
VASP_vacancy_mp-315_2x2x1_remove_2.vasp,-4.36329434
VASP_vacancy_mp-348_2x2x1_remove_5.vasp,-5.507548373
VASP_vacancy_mp-35695_2x2x1_remove_14.vasp,-3.943639703
VASP_vacancy_mp-3736_2x2x1_remove_10.vasp,-5.367303623
VASP_vacancy_mp-39_2x2x1_remove_2.vasp,-2.054754047
VASP_vacancy_mp-3915_2x2x1_remove_15.vasp,-4.444483686
VASP_vacancy_mp-4536_2x2x1_remove_5.vasp,-5.822574387
VASP_vacancy_mp-526_2x2x1_remove_4.vasp,-2.358974458
VASP_vacancy_mp-542569_2x2x1_remove_4.vasp,-6.672336951
VASP_vacancy_mp-542595_2x2x1_remove_4.vasp,-7.35068296
VASP_vacancy_mp-545_2x2x1_remove_0.vasp,-7.084031805
VASP_vacancy_mp-554462_2x2x1_remove_1.vasp,-7.237799793
VASP_vacancy_mp-567076_2x2x1_remove_3.vasp,-3.238054495
VASP_vacancy_mp-567347_2x2x1_remove_11.vasp,-2.908066578
VASP_vacancy_mp-567903_2x2x1_remove_3.vasp,-2.862640913
VASP_vacancy_mp-568273_2x2x1_remove_13.vasp,-2.782302822
VASP_vacancy_mp-568587_2x2x1_remove_10.vasp,-5.354698362
VASP_vacancy_mp-569544_2x2x1_remove_12.vasp,-6.670250561
VASP_vacancy_mp-570860_2x2x1_remove_1.vasp,-4.322893511
VASP_vacancy_mp-570899_2x2x1_remove_13.vasp,-4.334614195
VASP_vacancy_mp-58_2x2x1_remove_3.vasp,-0.939549143
VASP_vacancy_mp-581934_2x2x1_remove_8.vasp,-11.65917342
VASP_vacancy_mp-600124_2x2x1_remove_9.vasp,-6.266645329
VASP_vacancy_mp-629015_2x2x1_remove_6.vasp,-8.339092011
VASP_vacancy_mp-631312_2x2x1_remove_5.vasp,-3.984200189
VASP_vacancy_mp-631352_2x2x1_remove_11.vasp,-7.394124113
VASP_vacancy_mp-631358_2x2x1_remove_13.vasp,-7.2135161
VASP_vacancy_mp-631396_2x2x1_remove_2.vasp,-7.147260053
VASP_vacancy_mp-631417_2x2x1_remove_8.vasp,-5.984151485
VASP_vacancy_mp-631536_2x2x1_remove_2.vasp,-6.437251097
VASP_vacancy_mp-631545_2x2x1_remove_8.vasp,-3.2604442
VASP_vacancy_mp-634105_2x2x1_remove_0.vasp,-2.271732064
VASP_vacancy_mp-672250_2x2x1_remove_5.vasp,-6.210530853
VASP_vacancy_mp-672385_2x2x1_remove_11.vasp,-6.877584189
VASP_vacancy_mp-7390_2x2x1_remove_9.vasp,-3.913329549
VASP_vacancy_mp-752398_2x2x1_remove_9.vasp,-5.352415055
VASP_vacancy_mp-752924_2x2x1_remove_10.vasp,-5.412738936
VASP_vacancy_mp-753287_2x2x1_remove_9.vasp,-4.919206291
VASP_vacancy_mp-7795_2x2x1_remove_1.vasp,-4.041079403
VASP_vacancy_mp-7973_2x2x1_remove_1.vasp,-6.637012054
VASP_vacancy_mp-8001_2x2x1_remove_1.vasp,-6.61035177
VASP_vacancy_mp-8023_2x2x1_remove_7.vasp,-5.380650384
VASP_vacancy_mp-8175_2x2x1_remove_1.vasp,-4.327976537
VASP_vacancy_mp-832_2x2x1_remove_5.vasp,-5.50458833
VASP_vacancy_mp-8454_2x2x1_remove_5.vasp,-3.484525549
VASP_vacancy_mp-849098_2x2x1_remove_6.vasp,-6.102507985
VASP_vacancy_mp-8566_2x2x1_remove_9.vasp,-2.659127084
VASP_vacancy_mp-861640_2x2x1_remove_11.vasp,-8.537027673
VASP_vacancy_mp-861645_2x2x1_remove_4.vasp,-2.102016174
VASP_vacancy_mp-861909_2x2x1_remove_9.vasp,-4.688793347
VASP_vacancy_mp-861965_2x2x1_remove_9.vasp,-6.826817848
VASP_vacancy_mp-861966_2x2x1_remove_2.vasp,-3.012580562
VASP_vacancy_mp-862340_2x2x1_remove_12.vasp,-5.288218465
VASP_vacancy_mp-862371_2x2x1_remove_11.vasp,-7.732267965
VASP_vacancy_mp-862378_2x2x1_remove_9.vasp,-6.766752133
VASP_vacancy_mp-862788_2x2x1_remove_14.vasp,-3.510484094
VASP_vacancy_mp-862798_2x2x1_remove_15.vasp,-7.653522629
VASP_vacancy_mp-862831_2x2x1_remove_12.vasp,-9.70363136
VASP_vacancy_mp-862879_2x2x1_remove_6.vasp,-4.329328626
VASP_vacancy_mp-862895_2x2x1_remove_2.vasp,-5.114482738
VASP_vacancy_mp-862935_2x2x1_remove_2.vasp,-3.650508597
VASP_vacancy_mp-862967_2x2x1_remove_5.vasp,-5.863603193
VASP_vacancy_mp-8633_2x2x1_remove_3.vasp,-8.381099357
VASP_vacancy_mp-863714_2x2x1_remove_14.vasp,-5.817875461
VASP_vacancy_mp-863726_2x2x1_remove_11.vasp,-6.153387507
VASP_vacancy_mp-863734_2x2x1_remove_3.vasp,-8.876460357
VASP_vacancy_mp-864607_2x2x1_remove_6.vasp,-5.701816475
VASP_vacancy_mp-864620_2x2x1_remove_12.vasp,-2.393712572
VASP_vacancy_mp-864640_2x2x1_remove_7.vasp,-10.75914179
VASP_vacancy_mp-864660_2x2x1_remove_1.vasp,-6.430964739
VASP_vacancy_mp-864716_2x2x1_remove_3.vasp,-4.695906756
VASP_vacancy_mp-864839_2x2x1_remove_3.vasp,-4.206059141
VASP_vacancy_mp-864936_2x2x1_remove_12.vasp,-8.039557118
VASP_vacancy_mp-864943_2x2x1_remove_8.vasp,-6.855973692
VASP_vacancy_mp-865038_2x2x1_remove_9.vasp,-10.97606586
VASP_vacancy_mp-865107_2x2x1_remove_6.vasp,-2.640937641
VASP_vacancy_mp-865115_2x2x1_remove_6.vasp,-1.693263418
VASP_vacancy_mp-865172_2x2x1_remove_14.vasp,-7.980357487
VASP_vacancy_mp-865232_2x2x1_remove_10.vasp,-4.023962437
VASP_vacancy_mp-865258_2x2x1_remove_13.vasp,-5.698558594
VASP_vacancy_mp-865316_2x2x1_remove_14.vasp,-3.418539066
VASP_vacancy_mp-865326_2x2x1_remove_3.vasp,-6.147479971
VASP_vacancy_mp-865365_2x2x1_remove_2.vasp,-6.463580663
VASP_vacancy_mp-865380_2x2x1_remove_3.vasp,-6.132174883
VASP_vacancy_mp-865413_2x2x1_remove_15.vasp,-6.512201735
VASP_vacancy_mp-865414_2x2x1_remove_13.vasp,-4.574761921
VASP_vacancy_mp-865523_2x2x1_remove_15.vasp,-8.316044057
VASP_vacancy_mp-865603_2x2x1_remove_13.vasp,-8.072631091
VASP_vacancy_mp-865640_2x2x1_remove_10.vasp,-8.177844535
VASP_vacancy_mp-865751_2x2x1_remove_1.vasp,-5.957388175
VASP_vacancy_mp-865766_2x2x1_remove_13.vasp,-3.481863555
VASP_vacancy_mp-865833_2x2x1_remove_7.vasp,-2.460896827
VASP_vacancy_mp-865856_2x2x1_remove_3.vasp,-5.0516239
VASP_vacancy_mp-865897_2x2x1_remove_12.vasp,-2.682447858
VASP_vacancy_mp-865898_2x2x1_remove_14.vasp,-5.934717793
VASP_vacancy_mp-865945_2x2x1_remove_2.vasp,-4.728242445
VASP_vacancy_mp-865984_2x2x1_remove_1.vasp,-1.384738707
VASP_vacancy_mp-865998_2x2x1_remove_12.vasp,-8.320098511
VASP_vacancy_mp-866018_2x2x1_remove_11.vasp,-4.013271177
VASP_vacancy_mp-866051_2x2x1_remove_3.vasp,-7.417754073
VASP_vacancy_mp-866094_2x2x1_remove_15.vasp,-4.848857296
VASP_vacancy_mp-866121_2x2x1_remove_0.vasp,-9.731553593
VASP_vacancy_mp-866156_2x2x1_remove_10.vasp,-6.642124495
VASP_vacancy_mp-867161_2x2x1_remove_0.vasp,-2.523387151
VASP_vacancy_mp-867361_2x2x1_remove_15.vasp,-4.172580169
VASP_vacancy_mp-867474_2x2x1_remove_1.vasp,-5.159006191
VASP_vacancy_mp-867774_2x2x1_remove_15.vasp,-11.19077526
VASP_vacancy_mp-867922_2x2x1_remove_14.vasp,-7.037676101
VASP_vacancy_mp-961675_2x2x1_remove_10.vasp,-6.459142693
VASP_vacancy_mp-962072_2x2x1_remove_4.vasp,-3.532731161
VASP_vacancy_mp-965_2x2x1_remove_10.vasp,-6.300664838
VASP_vacancy_mp-971799_2x2x1_remove_15.vasp,-3.442635086
VASP_vacancy_mp-971863_2x2x1_remove_11.vasp,-3.027397597
VASP_vacancy_mp-972103_2x2x1_remove_3.vasp,-10.14140898
VASP_vacancy_mp-972156_2x2x1_remove_0.vasp,-5.919014734
VASP_vacancy_mp-972351_2x2x1_remove_8.vasp,-2.180852828
VASP_vacancy_mp-972422_2x2x1_remove_8.vasp,-9.453387983
VASP_vacancy_mp-972520_2x2x1_remove_13.vasp,-6.36339358
VASP_vacancy_mp-972914_2x2x1_remove_12.vasp,-4.778781723
VASP_vacancy_mp-973141_2x2x1_remove_1.vasp,-3.505470052
VASP_vacancy_mp-973443_2x2x1_remove_3.vasp,-10.74208807
VASP_vacancy_mp-973606_2x2x1_remove_13.vasp,-6.156904499
VASP_vacancy_mp-973792_2x2x1_remove_14.vasp,-7.678329479
VASP_vacancy_mp-973824_2x2x1_remove_1.vasp,-0.659630131
VASP_vacancy_mp-973976_2x2x1_remove_15.vasp,-3.900451187
VASP_vacancy_mp-974455_2x2x1_remove_15.vasp,-11.57718246
VASP_vacancy_mp-974627_2x2x1_remove_6.vasp,-1.340840413
VASP_vacancy_mp-974816_2x2x1_remove_4.vasp,-1.230478467
VASP_vacancy_mp-974856_2x2x1_remove_6.vasp,-2.330838355
VASP_vacancy_mp-974949_2x2x1_remove_3.vasp,-2.236920683
VASP_vacancy_mp-974997_2x2x1_remove_7.vasp,-1.712434681
VASP_vacancy_mp-975256_2x2x1_remove_1.vasp,-3.477695796
VASP_vacancy_mp-975786_2x2x1_remove_0.vasp,-2.865669763
VASP_vacancy_mp-975880_2x2x1_remove_7.vasp,-3.00142383
VASP_vacancy_mp-975893_2x2x1_remove_9.vasp,-3.844393149
VASP_vacancy_mp-976148_2x2x1_remove_4.vasp,-2.201263816
VASP_vacancy_mp-976150_2x2x1_remove_11.vasp,-2.905454389
VASP_vacancy_mp-976252_2x2x1_remove_2.vasp,-7.049394961
VASP_vacancy_mp-976254_2x2x1_remove_8.vasp,-1.782568055
VASP_vacancy_mp-976421_2x2x1_remove_8.vasp,-3.776562501
VASP_vacancy_mp-977145_2x2x1_remove_0.vasp,-5.394538935
VASP_vacancy_mp-977224_2x2x1_remove_1.vasp,-5.025783333
VASP_vacancy_mp-977314_2x2x1_remove_4.vasp,-3.206967671
VASP_vacancy_mp-977364_2x2x1_remove_12.vasp,-9.199688843
VASP_vacancy_mp-977378_2x2x1_remove_7.vasp,-2.984912006
VASP_vacancy_mp-977443_2x2x1_remove_15.vasp,-8.331769695
VASP_vacancy_mp-977565_2x2x1_remove_7.vasp,-4.337055142
VASP_vacancy_mp-977578_2x2x1_remove_11.vasp,-8.454033106
VASP_vacancy_mp-978495_2x2x1_remove_14.vasp,-5.609621611
VASP_vacancy_mp-978498_2x2x1_remove_1.vasp,-5.753917998
VASP_vacancy_mp-978507_2x2x1_remove_5.vasp,-6.51606513
VASP_vacancy_mp-978523_2x2x1_remove_4.vasp,-4.398298049
VASP_vacancy_mp-978538_2x2x1_remove_9.vasp,-5.508568621
VASP_vacancy_mp-978625_2x2x1_remove_12.vasp,-3.46003324
VASP_vacancy_mp-978805_2x2x1_remove_14.vasp,-2.910465041
VASP_vacancy_mp-978852_2x2x1_remove_9.vasp,-3.271447001
VASP_vacancy_mp-978882_2x2x1_remove_0.vasp,-3.743745045
VASP_vacancy_mp-980206_2x2x1_remove_14.vasp,-7.563469816
VASP_vacancy_mp-982448_2x2x1_remove_3.vasp,-5.02261835
VASP_vacancy_mp-982871_2x2x1_remove_15.vasp,-2.282622765
VASP_vacancy_mp-9830_2x2x1_remove_15.vasp,-8.423893563
VASP_vacancy_mp-983460_2x2x1_remove_0.vasp,-3.178247166
VASP_vacancy_mp-984544_2x2x1_remove_4.vasp,-5.260740787
VASP_vacancy_mp-984551_2x2x1_remove_6.vasp,-1.989705413
VASP_vacancy_mp-984772_2x2x1_remove_4.vasp,-4.663026687
VASP_vacancy_mp-985280_2x2x1_remove_13.vasp,-5.890863505
VASP_vacancy_mp-995195_2x2x1_remove_11.vasp,-5.841621005
VASP_vacancy_mp-998896_2x2x1_remove_3.vasp,-6.775150566
VASP_vacancy_mp-998901_2x2x1_remove_1.vasp,-7.396403257
VASP_vacancy_mp-998908_2x2x1_remove_0.vasp,-9.150237514
VASP_vacancy_mp-998912_2x2x1_remove_10.vasp,-3.315075967
VASP_vacancy_mp-999195_2x2x1_remove_7.vasp,-8.123382272
VASP_vacancy_mp-999258_2x2x1_remove_3.vasp,-6.823576335
VASP_vacancy_mp-999300_2x2x1_remove_9.vasp,-5.373307453
VASP_vacancy_mp-999544_2x2x1_remove_9.vasp,-4.326611332
